{"version":2,"commands":{},"prefs":{"websites.hyperlinkAuditingEnabled":{"initialValue":{},"precedenceList":[{"id":"uBlock0@raymondhill.net","installDate":1644178015662,"value":false,"enabled":true}]},"network.networkPredictionEnabled":{"initialValue":{},"precedenceList":[{"id":"uBlock0@raymondhill.net","installDate":1644178015662,"value":false,"enabled":true}]},"privacy.containers":{"initialValue":{},"precedenceList":[{"id":"CanvasBlocker@kkapsner.de","installDate":1644178259559,"value":"CanvasBlocker@kkapsner.de","enabled":true}]}},"homepageNotification":{},"tabHideNotification":{},"default_search":{},"newTabNotification":{},"url_overrides":{}}