{"defaultHandlersVersion":{"en-US":4},"mimeTypes":{"application/pdf":{"action":3,"extensions":["pdf"]},"text/xml":{"action":0,"extensions":["xml"]},"image/svg+xml":{"action":0,"extensions":["svg"]},"image/webp":{"action":3,"extensions":["webp"]},"image/avif":{"action":3,"extensions":["avif"]},"application/zip":{"action":0,"ask":false,"extensions":["zip"]},"application/x-bittorrent":{"action":0,"ask":false}},"schemes":{"zoommtg":{"action":4,"ask":true},"magnet":{"action":4,"ask":true},"mailto":{"stubEntry":true,"handlers":[null,{"name":"Gmail","uriTemplate":"https://mail.google.com/mail/?extsrc=mailto&url=%s"}]}},"isDownloadsImprovementsAlreadyMigrated":true,"isSVGXMLAlreadyMigrated":true}