{"https://futplayhd.net":{"{f15bcad4-f62a-43fb-ae9d-67d6fdd2908a}":{"id":"{f15bcad4-f62a-43fb-ae9d-67d6fdd2908a}","title":"","dir":"auto","lang":"","body":"","tag":"","icon":"","alertName":"https://futplayhd.net#notag:{f15bcad4-f62a-43fb-ae9d-67d6fdd2908a}","timestamp":1647476743680,"origin":"https://futplayhd.net","data":"","mozbehavior":"{\"noclear\":false,\"noscreen\":false,\"showOnlyOnce\":false,\"soundFile\":\"\"}","serviceWorkerRegistrationScope":""},"{6877ef47-62c5-492d-8a86-2e6064a26a90}":{"id":"{6877ef47-62c5-492d-8a86-2e6064a26a90}","title":"","dir":"auto","lang":"","body":"","tag":"","icon":"","alertName":"https://futplayhd.net#notag:{6877ef47-62c5-492d-8a86-2e6064a26a90}","timestamp":1647476743911,"origin":"https://futplayhd.net","data":"","mozbehavior":"{\"noclear\":false,\"noscreen\":false,\"showOnlyOnce\":false,\"soundFile\":\"\"}","serviceWorkerRegistrationScope":""},"{11f6811c-739a-4727-babf-3d22009deb72}":{"id":"{11f6811c-739a-4727-babf-3d22009deb72}","title":"","dir":"auto","lang":"","body":"","tag":"","icon":"","alertName":"https://futplayhd.net#notag:{11f6811c-739a-4727-babf-3d22009deb72}","timestamp":1647476743911,"origin":"https://futplayhd.net","data":"","mozbehavior":"{\"noclear\":false,\"noscreen\":false,\"showOnlyOnce\":false,\"soundFile\":\"\"}","serviceWorkerRegistrationScope":""},"{7745e25c-101c-4211-9cbd-1fcabb88e266}":{"id":"{7745e25c-101c-4211-9cbd-1fcabb88e266}","title":"","dir":"auto","lang":"","body":"","tag":"","icon":"","alertName":"https://futplayhd.net#notag:{7745e25c-101c-4211-9cbd-1fcabb88e266}","timestamp":1647476745134,"origin":"https://futplayhd.net","data":"","mozbehavior":"{\"noclear\":false,\"noscreen\":false,\"showOnlyOnce\":false,\"soundFile\":\"\"}","serviceWorkerRegistrationScope":""}}}