{"chrome://browser/content/browser.xhtml":{"main-window":{"screenX":"0","screenY":"32","width":"1021","height":"1048","sizemode":"normal"},"sidebar-box":{"sidebarcommand":"","width":""},"sidebar-title":{"value":""}},"chrome://mozapps/content/downloads/unknownContentType.xhtml":{"unknownContentTypeWindow":{"screenX":"461","screenY":"299"}},"chrome://browser/content/places/places.xhtml":{"placesContentTags":{"ordinal":"3"},"placesContentUrl":{"ordinal":"5"},"placesContentDate":{"ordinal":"7"},"placesContentVisitCount":{"ordinal":"9"},"placesContentDateAdded":{"ordinal":"11"},"placesContentLastModified":{"ordinal":"13"},"places":{"screenX":"8","screenY":"40","width":"700","height":"500","sizemode":"normal"},"placesContentTitle":{"sortDirection":"ascending"}},"chrome://global/content/pictureinpicture/player.xhtml":{"picture-in-picture":{"left":"1280","top":"720","width":"640","height":"360"}}}