{"version":2,"commands":{},"prefs":{"websites.hyperlinkAuditingEnabled":{"initialValue":{},"precedenceList":[{"id":"uBlock0@raymondhill.net","installDate":1648514424420,"value":false,"enabled":true}]},"network.networkPredictionEnabled":{"initialValue":{},"precedenceList":[{"id":"jid1-BoFifL9Vbdl2zQ@jetpack","installDate":1648515369506,"value":false,"enabled":true},{"id":"uBlock0@raymondhill.net","installDate":1648514424420,"value":false,"enabled":true}]},"privacy.containers":{"initialValue":{},"precedenceList":[{"id":"CanvasBlocker@kkapsner.de","installDate":1648514676445,"value":"CanvasBlocker@kkapsner.de","enabled":true}]}},"url_overrides":{},"default_search":{},"homepageNotification":{},"tabHideNotification":{},"newTabNotification":{}}