{"formautofill@mozilla.org":{"permissions":["internal:svgContextPropertiesAllowed"],"origins":[]},"pictureinpicture@mozilla.org":{"permissions":["internal:svgContextPropertiesAllowed"],"origins":[]},"screenshots@mozilla.org":{"permissions":["internal:svgContextPropertiesAllowed"],"origins":[]},"webcompat@mozilla.org":{"permissions":["internal:svgContextPropertiesAllowed"],"origins":[]},"default-theme@mozilla.org":{"permissions":["internal:svgContextPropertiesAllowed"],"origins":[]},"addons-search-detection@mozilla.com":{"permissions":["internal:svgContextPropertiesAllowed"],"origins":[]},"wikipedia@search.mozilla.org":{"permissions":["internal:svgContextPropertiesAllowed"],"origins":[]},"ddg@search.mozilla.org":{"permissions":["internal:svgContextPropertiesAllowed"],"origins":[]},"uBlock0@raymondhill.net":{"permissions":["internal:privateBrowsingAllowed"],"origins":[]},"firefox-compact-dark@mozilla.org":{"permissions":["internal:privateBrowsingAllowed"],"origins":[]},"2022orange-colorway@mozilla.org":{"permissions":["internal:privateBrowsingAllowed"],"origins":[]},"CanvasBlocker@kkapsner.de":{"permissions":["internal:privateBrowsingAllowed"],"origins":[]},"addon@darkreader.org":{"permissions":["internal:privateBrowsingAllowed"],"origins":[]},"jid1-BoFifL9Vbdl2zQ@jetpack":{"permissions":["internal:privateBrowsingAllowed"],"origins":[]}}