{"schemaVersion":35,"addons":[{"id":"formautofill@mozilla.org","syncGUID":"{3a694bb8-fa0a-45e2-9f66-ad8af65f2f2a}","version":"1.0.1","type":"extension","loader":null,"updateURL":null,"installOrigins":null,"manifestVersion":2,"optionsURL":null,"optionsType":null,"optionsBrowserStyle":true,"aboutURL":null,"defaultLocale":{"name":"Form Autofill","creator":null,"developers":null,"translators":null,"contributors":null},"visible":true,"active":true,"userDisabled":false,"appDisabled":false,"embedderDisabled":false,"installDate":0,"updateDate":0,"applyBackgroundUpdates":1,"path":"/app/lib/librewolf/browser/features/formautofill@mozilla.org.xpi","skinnable":false,"sourceURI":null,"releaseNotesURI":null,"softDisabled":false,"foreignInstall":false,"strictCompatibility":true,"locales":[],"targetApplications":[{"id":"toolkit@mozilla.org","minVersion":null,"maxVersion":null}],"targetPlatforms":[],"signedDate":null,"seen":true,"dependencies":[],"incognito":"spanning","userPermissions":{"permissions":[],"origins":[]},"optionalPermissions":{"permissions":[],"origins":[]},"icons":{},"iconURL":null,"blocklistState":0,"blocklistURL":null,"startupData":null,"hidden":true,"installTelemetryInfo":null,"recommendationState":null,"rootURI":"jar:file:///app/lib/librewolf/browser/features/formautofill@mozilla.org.xpi!/","location":"app-system-defaults"},{"id":"pictureinpicture@mozilla.org","syncGUID":"{4d34a4f9-0cec-42f1-a6a1-58fb3b69abe3}","version":"1.0.0","type":"extension","loader":null,"updateURL":null,"installOrigins":null,"manifestVersion":2,"optionsURL":null,"optionsType":null,"optionsBrowserStyle":true,"aboutURL":null,"defaultLocale":{"name":"Picture-In-Picture","description":"Fixes for web compatibility with Picture-in-Picture","creator":null,"developers":null,"translators":null,"contributors":null},"visible":true,"active":true,"userDisabled":false,"appDisabled":false,"embedderDisabled":false,"installDate":0,"updateDate":0,"applyBackgroundUpdates":1,"path":"/app/lib/librewolf/browser/features/pictureinpicture@mozilla.org.xpi","skinnable":false,"sourceURI":null,"releaseNotesURI":null,"softDisabled":false,"foreignInstall":false,"strictCompatibility":true,"locales":[],"targetApplications":[{"id":"toolkit@mozilla.org","minVersion":"88.0a1","maxVersion":null}],"targetPlatforms":[],"signedDate":null,"seen":true,"dependencies":[],"incognito":"spanning","userPermissions":{"permissions":[],"origins":[]},"optionalPermissions":{"permissions":[],"origins":[]},"icons":{},"iconURL":null,"blocklistState":0,"blocklistURL":null,"startupData":null,"hidden":true,"installTelemetryInfo":null,"recommendationState":null,"rootURI":"jar:file:///app/lib/librewolf/browser/features/pictureinpicture@mozilla.org.xpi!/","location":"app-system-defaults"},{"id":"screenshots@mozilla.org","syncGUID":"{81714084-65c8-4d95-80ab-a7b26fd7ef35}","version":"39.0.1","type":"extension","loader":null,"updateURL":null,"installOrigins":null,"manifestVersion":2,"optionsURL":null,"optionsType":null,"optionsBrowserStyle":true,"aboutURL":null,"defaultLocale":{"name":"Firefox Screenshots","description":"Take clips and screenshots from the Web and save them temporarily or permanently.","creator":"Mozilla <screenshots-feedback@mozilla.com>","homepageURL":"https://github.com/mozilla-services/screenshots","developers":null,"translators":null,"contributors":null},"visible":true,"active":true,"userDisabled":false,"appDisabled":false,"embedderDisabled":false,"installDate":0,"updateDate":0,"applyBackgroundUpdates":1,"path":"/app/lib/librewolf/browser/features/screenshots@mozilla.org.xpi","skinnable":false,"sourceURI":null,"releaseNotesURI":null,"softDisabled":false,"foreignInstall":false,"strictCompatibility":true,"locales":[],"targetApplications":[{"id":"toolkit@mozilla.org","minVersion":"57.0a1","maxVersion":null}],"targetPlatforms":[],"signedDate":null,"seen":true,"dependencies":[],"incognito":"spanning","userPermissions":{"permissions":["activeTab","downloads","tabs","storage","notifications","clipboardWrite","contextMenus"],"origins":["<all_urls>","https://screenshots.firefox.com/","https://screenshots.firefox.com/*"]},"optionalPermissions":{"permissions":[],"origins":[]},"icons":{},"iconURL":null,"blocklistState":0,"blocklistURL":null,"startupData":null,"hidden":true,"installTelemetryInfo":null,"recommendationState":null,"rootURI":"jar:file:///app/lib/librewolf/browser/features/screenshots@mozilla.org.xpi!/","location":"app-system-defaults"},{"id":"webcompat@mozilla.org","syncGUID":"{087aa278-0d55-4476-9cc8-2b801b5bbf5a}","version":"30.0.0","type":"extension","loader":null,"updateURL":null,"installOrigins":null,"manifestVersion":2,"optionsURL":null,"optionsType":null,"optionsBrowserStyle":true,"aboutURL":null,"defaultLocale":{"name":"Web Compatibility Interventions","description":"Urgent post-release fixes for web compatibility.","creator":null,"developers":null,"translators":null,"contributors":null},"visible":true,"active":true,"userDisabled":false,"appDisabled":false,"embedderDisabled":false,"installDate":0,"updateDate":0,"applyBackgroundUpdates":1,"path":"/app/lib/librewolf/browser/features/webcompat@mozilla.org.xpi","skinnable":false,"sourceURI":null,"releaseNotesURI":null,"softDisabled":false,"foreignInstall":false,"strictCompatibility":true,"locales":[],"targetApplications":[{"id":"toolkit@mozilla.org","minVersion":"59.0b5","maxVersion":null}],"targetPlatforms":[],"signedDate":null,"seen":true,"dependencies":[],"incognito":"spanning","userPermissions":{"permissions":["tabs","webNavigation","webRequest","webRequestBlocking"],"origins":["<all_urls>"]},"optionalPermissions":{"permissions":[],"origins":[]},"icons":{},"iconURL":null,"blocklistState":0,"blocklistURL":null,"startupData":null,"hidden":true,"installTelemetryInfo":null,"recommendationState":null,"rootURI":"jar:file:///app/lib/librewolf/browser/features/webcompat@mozilla.org.xpi!/","location":"app-system-defaults"},{"id":"default-theme@mozilla.org","syncGUID":"{f7c4f7ab-ac79-41b3-87ba-575892f593b0}","version":"1.3","type":"theme","loader":null,"updateURL":null,"installOrigins":null,"manifestVersion":2,"optionsURL":null,"optionsType":null,"optionsBrowserStyle":true,"aboutURL":null,"defaultLocale":{"name":"System theme — auto","description":"Follow the operating system setting for buttons, menus, and windows.","creator":"Mozilla","developers":null,"translators":null,"contributors":null},"visible":true,"active":false,"userDisabled":true,"appDisabled":false,"embedderDisabled":false,"installDate":1648514421672,"applyBackgroundUpdates":1,"path":null,"skinnable":false,"sourceURI":null,"releaseNotesURI":null,"softDisabled":false,"foreignInstall":false,"strictCompatibility":true,"locales":[],"targetApplications":[{"id":"toolkit@mozilla.org","minVersion":null,"maxVersion":null}],"targetPlatforms":[],"signedDate":null,"seen":true,"dependencies":[],"userPermissions":null,"optionalPermissions":null,"icons":{"32":"icon.svg"},"iconURL":null,"blocklistState":0,"blocklistURL":null,"startupData":null,"hidden":false,"installTelemetryInfo":null,"recommendationState":null,"rootURI":"resource://default-theme/","location":"app-builtin"},{"id":"addons-search-detection@mozilla.com","syncGUID":"{083d566a-88cd-4cb4-ad6f-5df36af97c18}","version":"2.0.0","type":"extension","loader":null,"updateURL":null,"installOrigins":null,"manifestVersion":2,"optionsURL":null,"optionsType":null,"optionsBrowserStyle":true,"aboutURL":null,"defaultLocale":{"name":"Add-ons Search Detection","description":"","creator":null,"developers":null,"translators":null,"contributors":null},"visible":true,"active":true,"userDisabled":false,"appDisabled":false,"embedderDisabled":false,"installDate":1648514422570,"applyBackgroundUpdates":1,"path":null,"skinnable":false,"sourceURI":null,"releaseNotesURI":null,"softDisabled":false,"foreignInstall":false,"strictCompatibility":true,"locales":[],"targetApplications":[{"id":"toolkit@mozilla.org","minVersion":null,"maxVersion":null}],"targetPlatforms":[],"signedDate":null,"seen":true,"dependencies":[],"incognito":"spanning","userPermissions":{"permissions":["webRequest","webRequestBlocking"],"origins":["<all_urls>"]},"optionalPermissions":{"permissions":[],"origins":[]},"icons":{},"iconURL":null,"blocklistState":0,"blocklistURL":null,"startupData":null,"hidden":true,"installTelemetryInfo":null,"recommendationState":null,"rootURI":"resource://builtin-addons/search-detection/","location":"app-builtin"},{"id":"wikipedia@search.mozilla.org","syncGUID":"{77682bff-cbd4-4019-b9bc-7086dfcf40e8}","version":"1.1","type":"extension","loader":null,"updateURL":null,"installOrigins":null,"manifestVersion":2,"optionsURL":null,"optionsType":null,"optionsBrowserStyle":true,"aboutURL":null,"defaultLocale":{"name":"Wikipedia (en)","description":"Wikipedia, the Free Encyclopedia","creator":null,"developers":null,"translators":null,"contributors":null},"visible":true,"active":true,"userDisabled":false,"appDisabled":false,"embedderDisabled":false,"installDate":1648514423784,"applyBackgroundUpdates":1,"path":null,"skinnable":false,"sourceURI":null,"releaseNotesURI":null,"softDisabled":false,"foreignInstall":false,"strictCompatibility":true,"locales":[{"name":"Wikipedia (en)","description":"Wikipedia, the Free Encyclopedia","creator":null,"developers":null,"translators":null,"contributors":null,"locales":["en"]},{"name":"Wikipedija (hr)","description":"Wikipedija, slobodna enciklopedija","creator":null,"developers":null,"translators":null,"contributors":null,"locales":["hr"]},{"name":"Wikipedia (fi)","description":"Wikipedia (fi), vapaa tietosanakirja","creator":null,"developers":null,"translators":null,"contributors":null,"locales":["fi"]},{"name":"Wikipedia (hy)","description":"Վիքիփեդիա՝ ազատ հանրագիտարան","creator":null,"developers":null,"translators":null,"contributors":null,"locales":["hy"]},{"name":"Уикипедия (kk)","description":"Уикипедия (kk)","creator":null,"developers":null,"translators":null,"contributors":null,"locales":["kk"]},{"name":"Вікіпедыя (be)","description":"Вікіпедыя, свабодная энцыклапедыя","creator":null,"developers":null,"translators":null,"contributors":null,"locales":["be"]},{"name":"위키백과 (ko)","description":"Wikipedia, the free encyclopedia","creator":null,"developers":null,"translators":null,"contributors":null,"locales":["kr"]},{"name":"Wikipedia (ro)","description":"Wikipedia, enciclopedia liberă","creator":null,"developers":null,"translators":null,"contributors":null,"locales":["ro"]},{"name":"Wikipedia (bs)","description":"Slobodna enciklopedija","creator":null,"developers":null,"translators":null,"contributors":null,"locales":["bs"]},{"name":"Wikipedia (pt)","description":"Wikipédia, a enciclopédia livre","creator":null,"developers":null,"translators":null,"contributors":null,"locales":["pt"]},{"name":"Vikipetã (gn)","description":"Vikipetã, opaite tembikuaa hekosãsóva renda","creator":null,"developers":null,"translators":null,"contributors":null,"locales":["gn"]},{"name":"વિકિપીડિયા (gu)","description":"વીકીપીડિયા, મુક્ત એનસાયક્લોપીડિયા","creator":null,"developers":null,"translators":null,"contributors":null,"locales":["gu"]},{"name":"Wikipedia (el)","description":"Βικιπαίδεια, η ελεύθερη εγκυκλοπαίδεια","creator":null,"developers":null,"translators":null,"contributors":null,"locales":["el"]},{"name":"Wikipedia (es)","description":"Wikipedia, la enciclopedia libre","creator":null,"developers":null,"translators":null,"contributors":null,"locales":["es"]},{"name":"ויקיפדיה","description":"ויקיפדיה","creator":null,"developers":null,"translators":null,"contributors":null,"locales":["he"]},{"name":"Wikipedia (da)","description":"Wikipedia, den frie encyklopædi","creator":null,"developers":null,"translators":null,"contributors":null,"locales":["da"]},{"name":"Wikipedia (tr)","description":"Vikipedi, özgür ansiklopedi","creator":null,"developers":null,"translators":null,"contributors":null,"locales":["tr"]},{"name":"Wikipedija (hsb)","description":"Wikipedija, swobodna encyklopedija","creator":null,"developers":null,"translators":null,"contributors":null,"locales":["hsb"]},{"name":"Wikipedy (fy)","description":"De fergese ensyklopedy","creator":null,"developers":null,"translators":null,"contributors":null,"locales":["fy-NL"]},{"name":"विकिपीडिया (ne)","description":"विकिपिडिया एक स्वतन्त्र विश्वकोष","creator":null,"developers":null,"translators":null,"contributors":null,"locales":["ne"]},{"name":"Wikipedia (nl)","description":"De vrije encyclopedie","creator":null,"developers":null,"translators":null,"contributors":null,"locales":["nl"]},{"name":"Wikipedia (ja)","description":"Wikipedia - フリー百科事典","creator":null,"developers":null,"translators":null,"contributors":null,"locales":["ja"]},{"name":"Vikipeedia (et)","description":"Vikipeedia, vaba entsüklopeedia","creator":null,"developers":null,"translators":null,"contributors":null,"locales":["et"]},{"name":"Wikipèdia (oc)","description":"Wikipèdia, l'enciclopèdia liura","creator":null,"developers":null,"translators":null,"contributors":null,"locales":["oc"]},{"name":"Wicipedia (cy)","description":"Wicipedia, Y Gwyddioniadur Rhydd","creator":null,"developers":null,"translators":null,"contributors":null,"locales":["cy"]},{"name":"వికీపీడియా (te)","description":"వికీపీడియా (te)","creator":null,"developers":null,"translators":null,"contributors":null,"locales":["te"]},{"name":"Wikipédia (fr)","description":"Wikipédia, l'encyclopédie libre","creator":null,"developers":null,"translators":null,"contributors":null,"locales":["fr"]},{"name":"Wikipedia (tl)","description":"Wikipedia, ang malayang ensiklopedya","creator":null,"developers":null,"translators":null,"contributors":null,"locales":["tl"]},{"name":"维基百科","description":"维基百科，自由的百科全书","creator":null,"developers":null,"translators":null,"contributors":null,"locales":["zh-CN"]},{"name":"Wikipedia (lij)","description":"Wikipedia, l'enciclopedia libera","creator":null,"developers":null,"translators":null,"contributors":null,"locales":["lij"]},{"name":"វីគីភីឌា (km)","description":"វីគីភីឌា សព្វ​វចនា​ធិប្បាយ​សេរី","creator":null,"developers":null,"translators":null,"contributors":null,"locales":["km"]},{"name":"Уикипедия (bg)","description":"Уикипедия, свободната енциклоподия","creator":null,"developers":null,"translators":null,"contributors":null,"locales":["bg"]},{"name":"Wikipedia (id)","description":"Wikipedia, ensiklopedia bebas","creator":null,"developers":null,"translators":null,"contributors":null,"locales":["id"]},{"name":"Wikipedia (pa)","description":"ਵਿਕਿਪੀਡਿਆ, ਮੁਫ਼ਤ/ਮੁਕਤ ਸ਼ਬਦਕੋਸ਼","creator":null,"developers":null,"translators":null,"contributors":null,"locales":["pa"]},{"name":"উইকিপিডিয়া (bn)","description":"উইকিপিডিয়া, মুক্ত বিশ্বকোষ","creator":null,"developers":null,"translators":null,"contributors":null,"locales":["bn"]},{"name":"Wikipedia (eu)","description":"Wikipedia, entziklopedia askea","creator":null,"developers":null,"translators":null,"contributors":null,"locales":["eu"]},{"name":"Wikipedie (cs)","description":"Wikipedia, svobodná encyclopedie","creator":null,"developers":null,"translators":null,"contributors":null,"locales":["cz"]},{"name":"Wikipédia (hu)","description":"Wikipedia, a szabad enciklopédia","creator":null,"developers":null,"translators":null,"contributors":null,"locales":["hu"]},{"name":"Wikipedia (kn)","description":"Wikipedia, the free encyclopedia","creator":null,"developers":null,"translators":null,"contributors":null,"locales":["kn"]},{"name":"Wikipedia (is)","description":"Wikipedia, the free encyclopedia","creator":null,"developers":null,"translators":null,"contributors":null,"locales":["is"]},{"name":"Вікіпедія (uk)","description":"Вікіпедія, вільна енциклопедія","creator":null,"developers":null,"translators":null,"contributors":null,"locales":["uk"]},{"name":"Wikipedia (kab)","description":"Wikipedia, tasanayt tilellit","creator":null,"developers":null,"translators":null,"contributors":null,"locales":["kab"]},{"name":"Wikipedia (zh)","description":"維基百科，自由的百科全書","creator":null,"developers":null,"translators":null,"contributors":null,"locales":["zh-TW"]},{"name":"ویکیپیڈیا (ur)","description":"ویکیپیڈیا آزاد دائرۃ المعارف","creator":null,"developers":null,"translators":null,"contributors":null,"locales":["ur"]},{"name":"Vikipedio (eo)","description":"Vikipedio, la libera enciklopedio","creator":null,"developers":null,"translators":null,"contributors":null,"locales":["eo"]},{"name":"Wikipedia (si)","description":"Wikipedia, the free encyclopedia","creator":null,"developers":null,"translators":null,"contributors":null,"locales":["si"]},{"name":"ويكيبيديا (ar)","description":"ويكيبيديا (ar)","creator":null,"developers":null,"translators":null,"contributors":null,"locales":["ar"]},{"name":"Wikipedia (vi)","description":"Wikipedia, bách khoa toàn thư mở","creator":null,"developers":null,"translators":null,"contributors":null,"locales":["vi"]},{"name":"ვიკიპედია (ka)","description":"ვიკიპედია, თავისუფალი ენციკლოპედია","creator":null,"developers":null,"translators":null,"contributors":null,"locales":["ka"]},{"name":"Uicipeid (gd)","description":"Wikipedia, An leabhar mòr-eòlais","creator":null,"developers":null,"translators":null,"contributors":null,"locales":["gd"]},{"name":"Wikipedia (it)","description":"Wikipedia, l'enciclopedia libera","creator":null,"developers":null,"translators":null,"contributors":null,"locales":["it"]},{"name":"Vikipediya (uz)","description":"Vikipediya, ochiq ensiklopediya","creator":null,"developers":null,"translators":null,"contributors":null,"locales":["uz"]},{"name":"Wikipedia (lt)","description":"Vikipedija, laisvoji enciklopedija","creator":null,"developers":null,"translators":null,"contributors":null,"locales":["lt"]},{"name":"Wikipedia (sq)","description":"Wikipedia, enciklopedia e lirë","creator":null,"developers":null,"translators":null,"contributors":null,"locales":["sq"]},{"name":"Vicipéid (ga)","description":"Vicipéid, an Chiclipéid Shaor","creator":null,"developers":null,"translators":null,"contributors":null,"locales":["ga-IE"]},{"name":"विकिपीडिया (hi)","description":"विकिपीडिया (हिन्दी)","creator":null,"developers":null,"translators":null,"contributors":null,"locales":["hi"]},{"name":"Vikipedeja (ltg)","description":"Vikipēdija, breivuo eņciklopedeja","creator":null,"developers":null,"translators":null,"contributors":null,"locales":["ltg"]},{"name":"விக்கிப்பீடியா (ta)","description":"விக்கிப்பீடியா (ta)","creator":null,"developers":null,"translators":null,"contributors":null,"locales":["ta"]},{"name":"Vikipediya (az)","description":"Vikipediya, açıq ensiklopediya","creator":null,"developers":null,"translators":null,"contributors":null,"locales":["az"]},{"name":"Википедија (mk)","description":"Википедија, слободната енциклопедија","creator":null,"developers":null,"translators":null,"contributors":null,"locales":["mk"]},{"name":"วิกิพีเดีย","description":"วิกิพีเดีย สารานุกรมเสรี","creator":null,"developers":null,"translators":null,"contributors":null,"locales":["th"]},{"name":"Wikipedia (de)","description":"Wikipedia, die freie Enzyklopädie","creator":null,"developers":null,"translators":null,"contributors":null,"locales":["de"]},{"name":"Wikipedija (dsb)","description":"Wikipedija, lichotna encyklopedija","creator":null,"developers":null,"translators":null,"contributors":null,"locales":["dsb"]},{"name":"विकिपीडिया (mr)","description":"विकिपीडिया, मोफत माहितीकोष","creator":null,"developers":null,"translators":null,"contributors":null,"locales":["mr"]},{"name":"Wikipedia (ast)","description":"La enciclopedia llibre","creator":null,"developers":null,"translators":null,"contributors":null,"locales":["ast"]},{"name":"Wikipedia (my)","description":"အခမဲ့လွတ်လပ်စွယ်စုံကျမ်း","creator":null,"developers":null,"translators":null,"contributors":null,"locales":["my"]},{"name":"Wikipedia (rm)","description":"Vichipedia, l'enciclopedia libra","creator":null,"developers":null,"translators":null,"contributors":null,"locales":["rm"]},{"name":"Wikipedia (nn)","description":"Wikipedia, det frie oppslagsverket","creator":null,"developers":null,"translators":null,"contributors":null,"locales":["NN"]},{"name":"Wikipedia (wo)","description":"Wikipedia, Jimbulang bu Ubbeeku bi","creator":null,"developers":null,"translators":null,"contributors":null,"locales":["wo"]},{"name":"Wikipedia (gl)","description":"Wikipedia, a enciclopedia libre","creator":null,"developers":null,"translators":null,"contributors":null,"locales":["gl"]},{"name":"Viquipèdia (ca)","description":"L'enciclopèdia lliure","creator":null,"developers":null,"translators":null,"contributors":null,"locales":["ca"]},{"name":"Wikipédia (sk)","description":"Wikipédia, slobodná a otvorená encyklopédia","creator":null,"developers":null,"translators":null,"contributors":null,"locales":["sk"]},{"name":"Википедија (sr)","description":"Претрага Википедије на српском језику","creator":null,"developers":null,"translators":null,"contributors":null,"locales":["sr"]},{"name":"Wikipedia (af)","description":"Wikipedia, die vrye ensiklopedie","creator":null,"developers":null,"translators":null,"contributors":null,"locales":["af"]},{"name":"ویکی‌پدیا (fa)","description":"ویکی‌پدیا، دانشنامهٔ آزاد","creator":null,"developers":null,"translators":null,"contributors":null,"locales":["fa"]},{"name":"Wikipedia (ms)","description":"Wikipedia, ensiklopedia bebas","creator":null,"developers":null,"translators":null,"contributors":null,"locales":["ms"]},{"name":"Wikipedia (ia)","description":"Wikipedia, le encyclopedia libere","creator":null,"developers":null,"translators":null,"contributors":null,"locales":["ia"]},{"name":"Wikipedia (no)","description":"Wikipedia, den frie encyklopedi","creator":null,"developers":null,"translators":null,"contributors":null,"locales":["NO"]},{"name":"Википедия (ru)","description":"Википедия, свободная энциклопедия","creator":null,"developers":null,"translators":null,"contributors":null,"locales":["ru"]},{"name":"Wikipedia (br)","description":"Wikipedia, an holloueziadur digor","creator":null,"developers":null,"translators":null,"contributors":null,"locales":["br"]},{"name":"Wikipedia (pl)","description":"Wikipedia, wolna encyklopedia","creator":null,"developers":null,"translators":null,"contributors":null,"locales":["pl"]},{"name":"Вікіпэдыя (be-tarask)","description":"Вікіпэдыя, вольная энцыкляпэдыя","creator":null,"developers":null,"translators":null,"contributors":null,"locales":["be-tarask"]},{"name":"Wikipedia (sv)","description":"Wikipedia, den fria encyklopedin","creator":null,"developers":null,"translators":null,"contributors":null,"locales":["sv-SE"]},{"name":"ວິກິພີເດຍ (lo)","description":"ວິກິພີເດຍ, ສາລານຸກົມເສລີ","creator":null,"developers":null,"translators":null,"contributors":null,"locales":["lo"]},{"name":"Wikipedija (sl)","description":"Wikipedija, prosta enciklopedija","creator":null,"developers":null,"translators":null,"contributors":null,"locales":["sl"]},{"name":"Vikipēdija","description":"Vikipēdija, brīvā enciklopēdija","creator":null,"developers":null,"translators":null,"contributors":null,"locales":["lv"]},{"name":"Biquipedia (an)","description":"A enciclopedia Libre","creator":null,"developers":null,"translators":null,"contributors":null,"locales":["an"]}],"targetApplications":[{"id":"toolkit@mozilla.org","minVersion":null,"maxVersion":null}],"targetPlatforms":[],"signedDate":null,"seen":true,"dependencies":[],"incognito":"spanning","userPermissions":{"permissions":[],"origins":[]},"optionalPermissions":{"permissions":[],"origins":[]},"icons":{"16":"favicon.ico"},"iconURL":null,"blocklistState":0,"blocklistURL":null,"startupData":null,"hidden":true,"installTelemetryInfo":null,"recommendationState":null,"rootURI":"resource://search-extensions/wikipedia/","location":"app-builtin"},{"id":"ddg@search.mozilla.org","syncGUID":"{f3480f9b-d971-411d-b061-a6b0ad4c74d9}","version":"1.1","type":"extension","loader":null,"updateURL":null,"installOrigins":null,"manifestVersion":2,"optionsURL":null,"optionsType":null,"optionsBrowserStyle":true,"aboutURL":null,"defaultLocale":{"name":"DuckDuckGo","description":"Search DuckDuckGo","creator":null,"developers":null,"translators":null,"contributors":null},"visible":true,"active":true,"userDisabled":false,"appDisabled":false,"embedderDisabled":false,"installDate":1648514423826,"applyBackgroundUpdates":1,"path":null,"skinnable":false,"sourceURI":null,"releaseNotesURI":null,"softDisabled":false,"foreignInstall":false,"strictCompatibility":true,"locales":[],"targetApplications":[{"id":"toolkit@mozilla.org","minVersion":null,"maxVersion":null}],"targetPlatforms":[],"signedDate":null,"seen":true,"dependencies":[],"incognito":"spanning","userPermissions":{"permissions":[],"origins":[]},"optionalPermissions":{"permissions":[],"origins":[]},"icons":{"16":"favicon.ico"},"iconURL":null,"blocklistState":0,"blocklistURL":null,"startupData":null,"hidden":true,"installTelemetryInfo":null,"recommendationState":null,"rootURI":"resource://search-extensions/ddg/","location":"app-builtin"},{"id":"firefox-compact-light@mozilla.org","syncGUID":"{d9b88fa7-b579-4b2a-a614-6f8dc331a733}","version":"1.2","type":"theme","loader":null,"updateURL":null,"installOrigins":null,"manifestVersion":2,"optionsURL":null,"optionsType":null,"optionsBrowserStyle":true,"aboutURL":null,"defaultLocale":{"name":"Light","description":"A theme with a light color scheme.","creator":"Mozilla","developers":null,"translators":null,"contributors":null},"visible":true,"active":false,"userDisabled":true,"appDisabled":false,"embedderDisabled":false,"installDate":1648514424078,"applyBackgroundUpdates":1,"path":null,"skinnable":false,"sourceURI":null,"releaseNotesURI":null,"softDisabled":false,"foreignInstall":false,"strictCompatibility":true,"locales":[],"targetApplications":[{"id":"toolkit@mozilla.org","minVersion":null,"maxVersion":null}],"targetPlatforms":[],"signedDate":null,"seen":true,"dependencies":[],"userPermissions":null,"optionalPermissions":null,"icons":{"32":"icon.svg"},"iconURL":null,"blocklistState":0,"blocklistURL":null,"startupData":null,"hidden":false,"installTelemetryInfo":null,"recommendationState":null,"rootURI":"resource://builtin-themes/light/","location":"app-builtin"},{"id":"firefox-compact-dark@mozilla.org","syncGUID":"{94c7c91e-e93d-41b1-b5b2-691ae5c0bdcf}","version":"1.2","type":"theme","loader":null,"updateURL":null,"installOrigins":null,"manifestVersion":2,"optionsURL":null,"optionsType":null,"optionsBrowserStyle":true,"aboutURL":null,"defaultLocale":{"name":"Dark","description":"A theme with a dark color scheme.","creator":"Mozilla","developers":null,"translators":null,"contributors":null},"visible":true,"active":true,"userDisabled":false,"appDisabled":false,"embedderDisabled":false,"installDate":1648514424079,"applyBackgroundUpdates":1,"path":null,"skinnable":false,"sourceURI":null,"releaseNotesURI":null,"softDisabled":false,"foreignInstall":false,"strictCompatibility":true,"locales":[],"targetApplications":[{"id":"toolkit@mozilla.org","minVersion":null,"maxVersion":null}],"targetPlatforms":[],"signedDate":null,"seen":true,"dependencies":[],"userPermissions":null,"optionalPermissions":null,"icons":{"32":"icon.svg"},"iconURL":null,"blocklistState":0,"blocklistURL":null,"startupData":null,"hidden":false,"installTelemetryInfo":null,"recommendationState":null,"rootURI":"resource://builtin-themes/dark/","location":"app-builtin"},{"id":"firefox-alpenglow@mozilla.org","syncGUID":"{e9265d70-784a-48d7-b95e-a51ad6efdf38}","version":"1.4","type":"theme","loader":null,"updateURL":null,"installOrigins":null,"manifestVersion":2,"optionsURL":null,"optionsType":null,"optionsBrowserStyle":true,"aboutURL":null,"defaultLocale":{"name":"Firefox Alpenglow","description":"Use a colorful appearance for buttons, menus, and windows.","creator":null,"developers":null,"translators":null,"contributors":null},"visible":true,"active":false,"userDisabled":true,"appDisabled":false,"embedderDisabled":false,"installDate":1648514424082,"applyBackgroundUpdates":1,"path":null,"skinnable":false,"sourceURI":null,"releaseNotesURI":null,"softDisabled":false,"foreignInstall":false,"strictCompatibility":true,"locales":[],"targetApplications":[{"id":"toolkit@mozilla.org","minVersion":null,"maxVersion":null}],"targetPlatforms":[],"signedDate":null,"seen":true,"dependencies":[],"userPermissions":null,"optionalPermissions":null,"icons":{"32":"icon.svg"},"iconURL":null,"blocklistState":0,"blocklistURL":null,"startupData":null,"hidden":false,"installTelemetryInfo":null,"recommendationState":null,"rootURI":"resource://builtin-themes/alpenglow/","location":"app-builtin"},{"id":"2022yellow-colorway@mozilla.org","syncGUID":"{a3a22971-5310-4415-a323-a9aa49f069d8}","version":"1.0","type":"theme","loader":null,"updateURL":null,"installOrigins":null,"manifestVersion":2,"optionsURL":null,"optionsType":null,"optionsBrowserStyle":true,"aboutURL":null,"defaultLocale":{"name":"Cheese Puff","creator":"Mozilla","developers":null,"translators":null,"contributors":null},"visible":true,"active":false,"userDisabled":true,"appDisabled":false,"embedderDisabled":false,"installDate":1648514424084,"applyBackgroundUpdates":1,"path":null,"skinnable":false,"sourceURI":null,"releaseNotesURI":null,"softDisabled":false,"foreignInstall":false,"strictCompatibility":true,"locales":[],"targetApplications":[{"id":"toolkit@mozilla.org","minVersion":null,"maxVersion":null}],"targetPlatforms":[],"signedDate":null,"seen":true,"dependencies":[],"userPermissions":null,"optionalPermissions":null,"icons":{"32":"icon.svg"},"iconURL":null,"blocklistState":0,"blocklistURL":null,"startupData":null,"hidden":false,"installTelemetryInfo":null,"recommendationState":null,"rootURI":"resource://builtin-themes/monochromatic/2022yellow/","location":"app-builtin"},{"id":"2022orange-colorway@mozilla.org","syncGUID":"{0e83aa9f-7250-4ab4-9ed9-24ab5b70d796}","version":"1.0","type":"theme","loader":null,"updateURL":null,"installOrigins":null,"manifestVersion":2,"optionsURL":null,"optionsType":null,"optionsBrowserStyle":true,"aboutURL":null,"defaultLocale":{"name":"That’s So Fire","creator":"Mozilla","developers":null,"translators":null,"contributors":null},"visible":true,"active":false,"userDisabled":true,"appDisabled":false,"embedderDisabled":false,"installDate":1648514424085,"applyBackgroundUpdates":1,"path":null,"skinnable":false,"sourceURI":null,"releaseNotesURI":null,"softDisabled":false,"foreignInstall":false,"strictCompatibility":true,"locales":[],"targetApplications":[{"id":"toolkit@mozilla.org","minVersion":null,"maxVersion":null}],"targetPlatforms":[],"signedDate":null,"seen":true,"dependencies":[],"userPermissions":null,"optionalPermissions":null,"icons":{"32":"icon.svg"},"iconURL":null,"blocklistState":0,"blocklistURL":null,"startupData":null,"hidden":false,"installTelemetryInfo":null,"recommendationState":null,"rootURI":"resource://builtin-themes/monochromatic/2022orange/","location":"app-builtin"},{"id":"2022red-colorway@mozilla.org","syncGUID":"{3bef130b-6193-4850-a410-6816cfc192ed}","version":"1.0","type":"theme","loader":null,"updateURL":null,"installOrigins":null,"manifestVersion":2,"optionsURL":null,"optionsType":null,"optionsBrowserStyle":true,"aboutURL":null,"defaultLocale":{"name":"Rawrrr!","creator":"Mozilla","developers":null,"translators":null,"contributors":null},"visible":true,"active":false,"userDisabled":true,"appDisabled":false,"embedderDisabled":false,"installDate":1648514424086,"applyBackgroundUpdates":1,"path":null,"skinnable":false,"sourceURI":null,"releaseNotesURI":null,"softDisabled":false,"foreignInstall":false,"strictCompatibility":true,"locales":[],"targetApplications":[{"id":"toolkit@mozilla.org","minVersion":null,"maxVersion":null}],"targetPlatforms":[],"signedDate":null,"seen":true,"dependencies":[],"userPermissions":null,"optionalPermissions":null,"icons":{"32":"icon.svg"},"iconURL":null,"blocklistState":0,"blocklistURL":null,"startupData":null,"hidden":false,"installTelemetryInfo":null,"recommendationState":null,"rootURI":"resource://builtin-themes/monochromatic/2022red/","location":"app-builtin"},{"id":"2022purple-colorway@mozilla.org","syncGUID":"{91ad7115-91f7-4825-aaa4-4511f8fce3fc}","version":"1.0","type":"theme","loader":null,"updateURL":null,"installOrigins":null,"manifestVersion":2,"optionsURL":null,"optionsType":null,"optionsBrowserStyle":true,"aboutURL":null,"defaultLocale":{"name":"Bomb-dot-com","creator":"Mozilla","developers":null,"translators":null,"contributors":null},"visible":true,"active":false,"userDisabled":true,"appDisabled":false,"embedderDisabled":false,"installDate":1648514424087,"applyBackgroundUpdates":1,"path":null,"skinnable":false,"sourceURI":null,"releaseNotesURI":null,"softDisabled":false,"foreignInstall":false,"strictCompatibility":true,"locales":[],"targetApplications":[{"id":"toolkit@mozilla.org","minVersion":null,"maxVersion":null}],"targetPlatforms":[],"signedDate":null,"seen":true,"dependencies":[],"userPermissions":null,"optionalPermissions":null,"icons":{"32":"icon.svg"},"iconURL":null,"blocklistState":0,"blocklistURL":null,"startupData":null,"hidden":false,"installTelemetryInfo":null,"recommendationState":null,"rootURI":"resource://builtin-themes/monochromatic/2022purple/","location":"app-builtin"},{"id":"2022green-colorway@mozilla.org","syncGUID":"{c203b092-0288-4dc6-9547-6c92ea309b0a}","version":"1.0","type":"theme","loader":null,"updateURL":null,"installOrigins":null,"manifestVersion":2,"optionsURL":null,"optionsType":null,"optionsBrowserStyle":true,"aboutURL":null,"defaultLocale":{"name":"Vegging Out","creator":"Mozilla","developers":null,"translators":null,"contributors":null},"visible":true,"active":false,"userDisabled":true,"appDisabled":false,"embedderDisabled":false,"installDate":1648514424088,"applyBackgroundUpdates":1,"path":null,"skinnable":false,"sourceURI":null,"releaseNotesURI":null,"softDisabled":false,"foreignInstall":false,"strictCompatibility":true,"locales":[],"targetApplications":[{"id":"toolkit@mozilla.org","minVersion":null,"maxVersion":null}],"targetPlatforms":[],"signedDate":null,"seen":true,"dependencies":[],"userPermissions":null,"optionalPermissions":null,"icons":{"32":"icon.svg"},"iconURL":null,"blocklistState":0,"blocklistURL":null,"startupData":null,"hidden":false,"installTelemetryInfo":null,"recommendationState":null,"rootURI":"resource://builtin-themes/monochromatic/2022green/","location":"app-builtin"},{"id":"2022blue-colorway@mozilla.org","syncGUID":"{feaf7410-7c84-4bad-8fa3-b6fef500209c}","version":"1.0","type":"theme","loader":null,"updateURL":null,"installOrigins":null,"manifestVersion":2,"optionsURL":null,"optionsType":null,"optionsBrowserStyle":true,"aboutURL":null,"defaultLocale":{"name":"Chillaxing","creator":"Mozilla","developers":null,"translators":null,"contributors":null},"visible":true,"active":false,"userDisabled":true,"appDisabled":false,"embedderDisabled":false,"installDate":1648514424089,"applyBackgroundUpdates":1,"path":null,"skinnable":false,"sourceURI":null,"releaseNotesURI":null,"softDisabled":false,"foreignInstall":false,"strictCompatibility":true,"locales":[],"targetApplications":[{"id":"toolkit@mozilla.org","minVersion":null,"maxVersion":null}],"targetPlatforms":[],"signedDate":null,"seen":true,"dependencies":[],"userPermissions":null,"optionalPermissions":null,"icons":{"32":"icon.svg"},"iconURL":null,"blocklistState":0,"blocklistURL":null,"startupData":null,"hidden":false,"installTelemetryInfo":null,"recommendationState":null,"rootURI":"resource://builtin-themes/monochromatic/2022blue/","location":"app-builtin"},{"id":"uBlock0@raymondhill.net","syncGUID":"{61bc3d4f-b1e2-4dfe-9910-5a3806dfa0bb}","version":"1.41.8","type":"extension","loader":null,"updateURL":null,"installOrigins":null,"manifestVersion":2,"optionsURL":"dashboard.html","optionsType":3,"optionsBrowserStyle":true,"aboutURL":null,"defaultLocale":{"name":"uBlock Origin","description":"Finally, an efficient blocker. Easy on CPU and memory.","creator":"Raymond Hill & contributors","developers":null,"translators":null,"contributors":null},"visible":true,"active":true,"userDisabled":false,"appDisabled":false,"embedderDisabled":false,"installDate":1648514424420,"updateDate":1648514424420,"applyBackgroundUpdates":1,"path":"/home/felipeqp/.librewolf/zzm0vllj.default_1/extensions/uBlock0@raymondhill.net.xpi","skinnable":false,"sourceURI":"https://addons.cdn.mozilla.net/user-media/addons/607454/ublock_origin-1.41.8-an+fx.xpi","releaseNotesURI":null,"softDisabled":false,"foreignInstall":false,"strictCompatibility":true,"locales":[{"name":"uBlock Origin","description":"Finally, an efficient blocker. Easy on CPU and memory.","creator":"Raymond Hill & contributors","developers":null,"translators":null,"contributors":null,"locales":["en"]},{"name":"uBlock Origin","description":"Finally, an efficient blocker. Easy on CPU and memory.","creator":"Raymond Hill & contributors","developers":null,"translators":null,"contributors":null,"locales":["oc"]},{"name":"uBlock Origin","description":"Lõpuks on valminud tõhus blokeerija. Protsessori- ja mälusõbralik.","creator":"Raymond Hill & contributors","developers":null,"translators":null,"contributors":null,"locales":["et"]},{"name":"uBlock Origin","description":"高効率ブロッカーついに登場。CPU とメモリーに負担をかけません。","creator":"Raymond Hill & contributors","developers":null,"translators":null,"contributors":null,"locales":["ja"]},{"name":"uBlock Origin","description":"Finalmente, um bloqueador eficiente. Leve na CPU e memória.","creator":"Raymond Hill & contributors","developers":null,"translators":null,"contributors":null,"locales":["pt-PT"]},{"name":"uBlock Origin","description":"మొత్తానికి RAM ఇంకా CPU పై తేలికయిన, ఒక సమర్థవంతమైన నిరోధిని.","creator":"Raymond Hill & contributors","developers":null,"translators":null,"contributors":null,"locales":["te"]},{"name":"uBlock Origin","description":"Un bloqueur de nuisances efficace, qui ménagera votre processeur et votre mémoire vive.","creator":"Raymond Hill & contributors","developers":null,"translators":null,"contributors":null,"locales":["fr"]},{"name":"uBlock Origin","description":"Einlik, in effisjinte adblocker. Brûkt hast gjin prosessorkrêft of ûnthâld.","creator":"Raymond Hill & contributors","developers":null,"translators":null,"contributors":null,"locales":["fy"]},{"name":"uBlock Origin","description":"Akhirnya, pemblokir iklan yang efisien. Ringan penggunaan CPU dan memori.","creator":"Raymond Hill & contributors","developers":null,"translators":null,"contributors":null,"locales":["id"]},{"name":"uBlock Origin","description":"অবশেষে, একটি সাশ্রয়ী বিজ্ঞাপন রোধক। সিপিইউ এবং মেমরিতে নমনীয়।","creator":"Raymond Hill & contributors","developers":null,"translators":null,"contributors":null,"locales":["bn"]},{"name":"uBlock Origin","description":"Най-накрая, ефективен блокер. Щадящ процесора и паметта.","creator":"Raymond Hill & contributors","developers":null,"translators":null,"contributors":null,"locales":["bg"]},{"name":"uBlock Origin","description":"Behingoz, blokeatzaile eraginkor bat. PUZ eta memorian arina.","creator":"Raymond Hill & contributors","developers":null,"translators":null,"contributors":null,"locales":["eu"]},{"name":"uBlock Origin","description":"Végre egy hatékony reklám- és követésblokkoló böngészőkhöz, amely kíméletes a processzorral és a memóriával.","creator":"Raymond Hill & contributors","developers":null,"translators":null,"contributors":null,"locales":["hu"]},{"name":"uBlock Origin","description":"Ugu dambeyntii, xannibaado hufan. Ku fudud oo ku saabsan CPU iyo xusuusta.","creator":"Raymond Hill & contributors","developers":null,"translators":null,"contributors":null,"locales":["so"]},{"name":"uBlock Origin","description":"Äntligen en effektiv blockerare. Snäll mot både processor och minne.","creator":"Raymond Hill & contributors","developers":null,"translators":null,"contributors":null,"locales":["sv"]},{"name":"uBlock Origin","description":"Konečně efektivní blokovač. Nezatěžuje CPU a paměť.","creator":"Raymond Hill & contributors","developers":null,"translators":null,"contributors":null,"locales":["cs"]},{"name":"uBlock Origin","description":"Finfine rendimenta reklamoblokilo. Afabla por ĉefprocesoro kaj memoro.","creator":"Raymond Hill & contributors","developers":null,"translators":null,"contributors":null,"locales":["eo"]},{"name":"uBlock Origin","description":"آخر کار، ایک مؤثر اشتہار کو روکنے والا، یہ کم cpu اور میموری لیتا ہے.","creator":"Raymond Hill & contributors","developers":null,"translators":null,"contributors":null,"locales":["ur"]},{"name":"uBlock Origin","description":"Ефективний блокувальник реклами таки з’явився. Не навантажує процесор та пам'ять.","creator":"Raymond Hill & contributors","developers":null,"translators":null,"contributors":null,"locales":["uk"]},{"name":"uBlock Origin","description":"ಕೊನೆಗೂ, ಒಂದು ದಕ್ಷ ನಿರ್ಬಂಧಕ. ಮಿತವಾದ ಸಿಪಿಯೂ ಹಾಗು ಮೆಮೊರಿ ಬಳಕೆ.","creator":"Raymond Hill & contributors","developers":null,"translators":null,"contributors":null,"locales":["kn"]},{"name":"uBlock Origin","description":"Cuối cùng, đã có một công cụ chặn quảng cáo hiệu quả, tiêu tốn ít CPU và bộ nhớ.","creator":"Raymond Hill & contributors","developers":null,"translators":null,"contributors":null,"locales":["vi"]},{"name":"uBlock Origin","description":"وأخيراً, مانع اعلانات كفوء. خفيف على المعالج و الذاكرة.","creator":"Raymond Hill & contributors","developers":null,"translators":null,"contributors":null,"locales":["ar"]},{"name":"uBlock Origin","description":"როგორც იქნა, მძლავრი და შედეგიანი რეკლამების შემზღუდავი. ზოგავს CPU-ს და მეხსიერებას.","creator":"Raymond Hill & contributors","developers":null,"translators":null,"contributors":null,"locales":["ka"]},{"name":"uBlock Origin","description":"이 부가 기능은 효율적인 차단기입니다. CPU와 메모리에 주는 부담이 적습니다.","creator":"Raymond Hill & contributors","developers":null,"translators":null,"contributors":null,"locales":["ko"]},{"name":"uBlock Origin","description":"Finalmente, un blocker efficiente. Leggero sulla CPU e sulla memoria.","creator":"Raymond Hill & contributors","developers":null,"translators":null,"contributors":null,"locales":["it"]},{"name":"uBlock Origin","description":"Më në fund, një bllokues efikas që nuk e rëndon procesorin dhe memorien.","creator":"Raymond Hill & contributors","developers":null,"translators":null,"contributors":null,"locales":["sq"]},{"name":"uBlock Origin","description":"Endelig en effektiv blokkeringsutvidelse. Lavt CPU- og minnebruk.","creator":"Raymond Hill & contributors","developers":null,"translators":null,"contributors":null,"locales":["no"]},{"name":"uBlock Origin","description":"இறுதியாக, ஒரு திறமையான விளம்பரத் தடுப்பான். கணினியின் மையச் செயற்பகுதியின் மேலும் நினைவகத்தின் மேலும் இலகுவானது.","creator":"Raymond Hill & contributors","developers":null,"translators":null,"contributors":null,"locales":["ta"]},{"name":"uBlock Origin","description":"आख़िरकार, क्रोमियम-बेस्ड ब्राउज़रों के लिए एक कुशल अवरोधक। CPU और स्मृति पर आसान।","creator":"Raymond Hill & contributors","developers":null,"translators":null,"contributors":null,"locales":["hi"]},{"name":"uBlock Origin","description":"Pagaliau, efektyvus blokatorius, neapkraunantis nei procesoriaus, nei darbinės atminties.","creator":"Raymond Hill & contributors","developers":null,"translators":null,"contributors":null,"locales":["lt"]},{"name":"uBlock Origin","description":"Axır ki, prosessor və yaddaş yükünü azaldan səmərəli bir əngəlləyici var.","creator":"Raymond Hill & contributors","developers":null,"translators":null,"contributors":null,"locales":["az"]},{"name":"uBlock Origin","description":"มาแล้ว! โปรแกรมบล็อกโฆษณาเบาเบา ไม่กิน ซีพียู หรือ แรม","creator":"Raymond Hill & contributors","developers":null,"translators":null,"contributors":null,"locales":["th"]},{"name":"uBlock Origin","description":"Endlich ein effizienter Blocker, der wenig Prozessorleistung und Arbeitsspeicher verbraucht.","creator":"Raymond Hill & contributors","developers":null,"translators":null,"contributors":null,"locales":["de"]},{"name":"uBlock Origin","description":"Finally, an efficient blocker. Easy on CPU and memory.","creator":"Raymond Hill & contributors","developers":null,"translators":null,"contributors":null,"locales":["en-GB"]},{"name":"uBlock Origin","description":"शेवटी, एक कार्यक्षम ब्लॉकर क्रोमियम आधारित ब्राउझरांसाठी. सीपीयू आणि मेमरी वर सोपे जातो.","creator":"Raymond Hill & contributors","developers":null,"translators":null,"contributors":null,"locales":["mr"]},{"name":"uBlock Origin","description":"Ó fin, un bloqueador eficiente que non chupa toda a memoria e o procesador.","creator":"Raymond Hill & contributors","developers":null,"translators":null,"contributors":null,"locales":["gl"]},{"name":"uBlock Origin","description":"Endelig en effektiv blokkeringsutvidelse. Lavt CPU- og minnebruk.","creator":"Raymond Hill & contributors","developers":null,"translators":null,"contributors":null,"locales":["nb"]},{"name":"uBlock Origin","description":"Finalment, un blocador eficient que utilitza pocs recursos de memòria i processador.","creator":"Raymond Hill & contributors","developers":null,"translators":null,"contributors":null,"locales":["ca"]},{"name":"uBlock Origin","description":"Коначно, ефикасан блокатор. Ниски процесорски и меморијски захтеви.","creator":"Raymond Hill & contributors","developers":null,"translators":null,"contributors":null,"locales":["sr"]},{"name":"uBlock Origin","description":"Тинех Интернет тишкерӳҫӗ валли хӑвӑрт та витӗмлӗ чаркӑч пур.","creator":"Raymond Hill & contributors","developers":null,"translators":null,"contributors":null,"locales":["cv"]},{"name":"uBlock Origin","description":"Konečne efektívny blokovač. Nezaťažuje CPU ani pamäť.","creator":"Raymond Hill & contributors","developers":null,"translators":null,"contributors":null,"locales":["sk"]},{"name":"uBlock Origin","description":"بالاخره، یک بلاکر کارآمد. کم حجم بر روی پردازنده و حافظه.","creator":"Raymond Hill & contributors","developers":null,"translators":null,"contributors":null,"locales":["fa"]},{"name":"uBlock Origin","description":"അവസാനം, ഒരു കാര്യക്ഷമമായ ബ്ലോക്കര്‍. ലഘുവായ CPU, memory ഉപയോഗം.","creator":"Raymond Hill & contributors","developers":null,"translators":null,"contributors":null,"locales":["ml"]},{"name":"uBlock Origin","description":"Akhirnya, penyekat yang cekap. Tidak membebankan CPU dan memori.","creator":"Raymond Hill & contributors","developers":null,"translators":null,"contributors":null,"locales":["ms"]},{"name":"uBlock Origin","description":"Наконец-то, быстрый и эффективный блокировщик для браузеров.","creator":"Raymond Hill & contributors","developers":null,"translators":null,"contributors":null,"locales":["ru"]},{"name":"uBlock Origin","description":"Nareszcie skuteczny bloker charakteryzujący się niskim użyciem procesora i pamięci.","creator":"Raymond Hill & contributors","developers":null,"translators":null,"contributors":null,"locales":["pl"]},{"name":"uBlock Origin","description":"Končno, učinkovita, procesorju in pomnilniku prijazna razširitev za blokiranje oglasov.","creator":"Raymond Hill & contributors","developers":null,"translators":null,"contributors":null,"locales":["sl"]},{"name":"uBlock Origin","description":"Sa wakas! Isang magaling na blocker para sa Chromium-based browsers. Magaan sa CPU at memory.","creator":"Raymond Hill & contributors","developers":null,"translators":null,"contributors":null,"locales":["fil"]},{"name":"uBlock Origin","description":"Beidzot, efektīvs bloķētājs. Nepārslogo procesoru un atmiņu.","creator":"Raymond Hill & contributors","developers":null,"translators":null,"contributors":null,"locales":["lv"]},{"name":"uBlock Origin","description":"Konačno, efikasan blokator. Lak na CPU i memoriji.","creator":"Raymond Hill & contributors","developers":null,"translators":null,"contributors":null,"locales":["hr"]},{"name":"uBlock Origin","description":"Վերջապե՛ս, արդյունավետ արգելափակիչ։ Խնայում է մշակիչը և հիշողությունը։","creator":"Raymond Hill & contributors","developers":null,"translators":null,"contributors":null,"locales":["hy"]},{"name":"uBlock Origin","description":"Viimeinkin tehokas estotyökalu, joka ei kuormita prosessoria ja muistia.","creator":"Raymond Hill & contributors","developers":null,"translators":null,"contributors":null,"locales":["fi"]},{"name":"uBlock Origin","description":"Επιτέλους, ένας αποτελεσματικός blocker. Ελαφρύς για τον επεξεργαστή και τη μνήμη.","creator":"Raymond Hill & contributors","developers":null,"translators":null,"contributors":null,"locales":["el"]},{"name":"uBlock Origin","description":"Konačno, efikasan bloker. Lagan na procesor i memoriju.","creator":"Raymond Hill & contributors","developers":null,"translators":null,"contributors":null,"locales":["bs"]},{"name":"uBlock Origin","description":"Por fin, un bloqueador eficiente con uso mínimo de procesador y memoria.","creator":"Raymond Hill & contributors","developers":null,"translators":null,"contributors":null,"locales":["es"]},{"name":"uBlock Origin","description":"Жарнамаларды жақсы өшіретін Addon'дардың бірі. Компьютердің қуатың аз алады.","creator":"Raymond Hill & contributors","developers":null,"translators":null,"contributors":null,"locales":["kk"]},{"name":"uBlock Origin","description":"Finalmente, um bloqueador eficiente. Com baixo uso de memória e CPU.","creator":"Raymond Hill & contributors","developers":null,"translators":null,"contributors":null,"locales":["pt-BR"]},{"name":"uBlock Origin","description":"一款高效的网络请求过滤工具，占用极低的内存和 CPU。","creator":"Raymond Hill & contributors","developers":null,"translators":null,"contributors":null,"locales":["zh-CN"]},{"name":"uBlock Origin","description":"În sfârșit, un blocant eficient. Are un impact mic asupra procesorului și memoriei.","creator":"Raymond Hill & contributors","developers":null,"translators":null,"contributors":null,"locales":["ro"]},{"name":"uBlock Origin","description":"סוף סוף, חוסם יעיל. קל על המעבד והזיכרון.","creator":"Raymond Hill & contributors","developers":null,"translators":null,"contributors":null,"locales":["he"]},{"name":"uBlock Origin","description":"Eindelijk, een efficiënte adblocker. Gebruikt weinig processorkracht en geheugen.","creator":"Raymond Hill & contributors","developers":null,"translators":null,"contributors":null,"locales":["nl"]},{"name":"uBlock Origin","description":"Endelig en effektiv blocker. Lavt CPU- og hukommelsesforbrug.","creator":"Raymond Hill & contributors","developers":null,"translators":null,"contributors":null,"locales":["da"]},{"name":"uBlock Origin","description":"Sonunda, etkili bir engelleyici. İşlemciyi ve belleği yormaz.","creator":"Raymond Hill & contributors","developers":null,"translators":null,"contributors":null,"locales":["tr"]},{"name":"uBlock Origin","description":"終於有套使用不多的 CPU 及記憶體資源的高效率阻擋器。","creator":"Raymond Hill & contributors","developers":null,"translators":null,"contributors":null,"locales":["zh-TW"]}],"targetApplications":[{"id":"toolkit@mozilla.org","minVersion":"68.0","maxVersion":"*"}],"targetPlatforms":[],"signedState":2,"signedDate":1645634515000,"seen":true,"dependencies":[],"incognito":"spanning","userPermissions":{"permissions":["dns","menus","privacy","storage","tabs","unlimitedStorage","webNavigation","webRequest","webRequestBlocking"],"origins":["<all_urls>","http://*/*","https://*/*","file://*/*","https://easylist.to/*","https://*.fanboy.co.nz/*","https://filterlists.com/*","https://forums.lanik.us/*","https://github.com/*","https://*.github.io/*"]},"optionalPermissions":{"permissions":[],"origins":[]},"icons":{"16":"img/ublock.svg","32":"img/ublock.svg","48":"img/ublock.svg","64":"img/ublock.svg","96":"img/ublock.svg"},"iconURL":null,"blocklistState":0,"blocklistURL":null,"startupData":null,"hidden":false,"installTelemetryInfo":{"source":"enterprise-policy"},"recommendationState":{"validNotAfter":1803422515000,"validNotBefore":1645634515000,"states":["recommended","recommended-android"]},"rootURI":"jar:file:///home/felipeqp/.librewolf/zzm0vllj.default_1/extensions/uBlock0@raymondhill.net.xpi!/","location":"app-profile"},{"id":"CanvasBlocker@kkapsner.de","syncGUID":"{9d372958-ca37-4640-88b2-397b8c4cc981}","version":"1.8","type":"extension","loader":null,"updateURL":null,"installOrigins":null,"manifestVersion":2,"optionsURL":"options/options.html","optionsType":3,"optionsBrowserStyle":false,"aboutURL":null,"defaultLocale":{"name":"CanvasBlocker","description":"Alters some JS APIs to prevent fingerprinting.","creator":"Korbinian Kapsner","developers":null,"translators":null,"contributors":null},"visible":true,"active":true,"userDisabled":false,"appDisabled":false,"embedderDisabled":false,"installDate":1648514676445,"updateDate":1648514676445,"applyBackgroundUpdates":1,"path":"/home/felipeqp/.librewolf/zzm0vllj.default_1/extensions/CanvasBlocker@kkapsner.de.xpi","skinnable":false,"sourceURI":"https://addons.mozilla.org/firefox/downloads/file/3910598/canvasblocker-1.8-an+fx.xpi","releaseNotesURI":null,"softDisabled":false,"foreignInstall":false,"strictCompatibility":true,"locales":[{"name":"CanvasBlocker","description":"Alters some JS APIs to prevent fingerprinting.","creator":"Korbinian Kapsner","developers":null,"translators":null,"contributors":null,"locales":["en"]},{"name":"CanvasBlocker","description":"Modifie certaines API JS pour empêcher la détection des empreintes numériques (fingerprinting).","creator":"Korbinian Kapsner","developers":null,"translators":null,"contributors":null,"locales":["fr"]},{"name":"CanvasBlocker","description":"Altera alcune JS API per prevenire il fingerprinting.","creator":"Korbinian Kapsner","developers":null,"translators":null,"contributors":null,"locales":["it"]},{"name":"CanvasBlocker","description":"Alters some JS APIs to prevent fingerprinting.","creator":"Korbinian Kapsner","developers":null,"translators":null,"contributors":null,"locales":["cs"]},{"name":"CanvasBlocker","description":"Verändert einige JS-APIs um Fingerprinting zu verhindern.","creator":"Korbinian Kapsner","developers":null,"translators":null,"contributors":null,"locales":["de"]},{"name":"CanvasBlocker","description":"改变某些 JavaScript API 来阻止跟踪。","creator":"Korbinian Kapsner","developers":null,"translators":null,"contributors":null,"locales":["zh-CN"]},{"name":"CanvasBlocker","description":"Изменяет некоторые API JS для предотвращения снятия цифровых отпечатков.","creator":"Korbinian Kapsner","developers":null,"translators":null,"contributors":null,"locales":["ru"]},{"name":"CanvasBlocker","description":"Altera alguns APIs JS para impedir o fingerprinting.","creator":"Korbinian Kapsner","developers":null,"translators":null,"contributors":null,"locales":["pt"]},{"name":"CanvasBlocker","description":"Modyfikuje niektóre API JS, aby zapobiec identyfikacji.","creator":"Korbinian Kapsner","developers":null,"translators":null,"contributors":null,"locales":["pl"]},{"name":"CanvasBlocker","description":"Endrer noen JS APIer for å forhindre fingeravtrykk.","creator":"Korbinian Kapsner","developers":null,"translators":null,"contributors":null,"locales":["nb"]},{"name":"CanvasBlocker","description":"Altera algunas API de JS para evitar la huella digital.","creator":"Korbinian Kapsner","developers":null,"translators":null,"contributors":null,"locales":["es"]},{"name":"CanvasBlocker","description":"改變 某些 JS APIs 設定 來 防止 指紋 追踪。","creator":"Korbinian Kapsner","developers":null,"translators":null,"contributors":null,"locales":["zh-TW"]},{"name":"CanvasBlocker","description":"Altera alguns APIs JS para impedir o fingerprinting.","creator":"Korbinian Kapsner","developers":null,"translators":null,"contributors":null,"locales":["pt-BR"]}],"targetApplications":[{"id":"toolkit@mozilla.org","minVersion":"56.0","maxVersion":"*"}],"targetPlatforms":[],"signedState":2,"signedDate":1645190727000,"seen":true,"dependencies":[],"incognito":"spanning","userPermissions":{"permissions":["storage","tabs","webRequest","webRequestBlocking","contextualIdentities","cookies","privacy"],"origins":["<all_urls>"]},"optionalPermissions":{"permissions":[],"origins":[]},"icons":{"48":"icons/icon.svg","96":"icons/icon.svg"},"iconURL":null,"blocklistState":0,"blocklistURL":null,"startupData":null,"hidden":false,"installTelemetryInfo":{"source":"amo","sourceURL":"https://addons.mozilla.org/en-US/firefox/search/?q=canvas%20blocker","method":"link"},"recommendationState":{"validNotAfter":1802978727000,"validNotBefore":1645190727000,"states":["recommended"]},"rootURI":"jar:file:///home/felipeqp/.librewolf/zzm0vllj.default_1/extensions/CanvasBlocker@kkapsner.de.xpi!/","location":"app-profile"},{"id":"addon@darkreader.org","syncGUID":"{394a5183-174e-4641-8c28-72bad611046b}","version":"4.9.47","type":"extension","loader":null,"updateURL":null,"installOrigins":null,"manifestVersion":2,"optionsURL":null,"optionsType":null,"optionsBrowserStyle":true,"aboutURL":null,"defaultLocale":{"name":"Dark Reader","description":"Dark mode for every website. Take care of your eyes, use dark theme for night and daily browsing.","creator":"Alexander Shutau","developers":null,"translators":null,"contributors":null},"visible":true,"active":true,"userDisabled":false,"appDisabled":false,"embedderDisabled":false,"installDate":1648514910970,"updateDate":1648514910970,"applyBackgroundUpdates":1,"path":"/home/felipeqp/.librewolf/zzm0vllj.default_1/extensions/addon@darkreader.org.xpi","skinnable":false,"sourceURI":"https://addons.mozilla.org/firefox/downloads/file/3922130/dark_reader-4.9.47-an+fx.xpi","releaseNotesURI":null,"softDisabled":false,"foreignInstall":false,"strictCompatibility":true,"locales":[{"name":"Dark Reader","description":"Dark mode for every website. Take care of your eyes, use dark theme for night and daily browsing.","creator":"Alexander Shutau","developers":null,"translators":null,"contributors":null,"locales":["en"]},{"name":"Dark Reader","description":"すべてのウェブサイトにダークテーマを適用します。夜間や毎日のブラウジングにDark Readerを使用し、あなたの目を気遣います。","creator":"Alexander Shutau","developers":null,"translators":null,"contributors":null,"locales":["ja"]},{"name":"Dark Reader","description":"Tema escuro para todos os websites. Cuide dos seus olhos, use o Dark Reader para navegação noturna e diária.","creator":"Alexander Shutau","developers":null,"translators":null,"contributors":null,"locales":["pt-PT"]},{"name":"Dark Reader","description":"Un thème sombre pour chaque site Web. Prenez soin de vos yeux, utilisez Dark Reader pour votre navigation nocturne et quotidienne.","creator":"Alexander Shutau","developers":null,"translators":null,"contributors":null,"locales":["fr"]},{"name":"Dark Reader","description":"Mode malam untuk semua situs web. Menjaga mata anda, menggunakan tema gelap untuk berselancar siang dan malam hari.","creator":"Alexander Shutau","developers":null,"translators":null,"contributors":null,"locales":["id"]},{"name":"Dark Reader","description":"প্রত্যেক ওয়েবসাইটের জন্য ডার্কমোড। নিজ চোখের যত্ম নিন, নিত্যকার ব্রাউজিং এর জন্য ব্যবহার করুন ডার্ক থিম।","creator":"Alexander Shutau","developers":null,"translators":null,"contributors":null,"locales":["bn"]},{"name":"Dark Reader","description":"حالت تاریک برای همه سایت ها. مراقب چشمانتان باشید، برای وبگردی در شب یا روز از حالت تاریک استفاده کنید.","creator":"Alexander Shutau","developers":null,"translators":null,"contributors":null,"locales":["fa-IR"]},{"name":"Dark Reader","description":"Mörkt läge på alla webbplatser. Ta hand om dina ögon och använd ett mörkt tema för att surfa på natten och dagen.","creator":"Alexander Shutau","developers":null,"translators":null,"contributors":null,"locales":["sv"]},{"name":"Dark Reader","description":"Tmavý motiv pro každou stránku. Používejte Dark Reader pro celodenní prohlížení webu a šetřete tak své oči.","creator":"Alexander Shutau","developers":null,"translators":null,"contributors":null,"locales":["cs"]},{"name":"Dark Reader","description":"Темний вигляд для кожного мережевого сайту. Піклуйтеся про свої очі, використовуйте темний вид для нічного та щоденного перегляду.","creator":"Alexander Shutau","developers":null,"translators":null,"contributors":null,"locales":["uk"]},{"name":"Dark Reader","description":"الوضع المظلم لجميع المواقع. اعتن بعينيك، استعمل التنسيق الداكن للتصفح اليومي في الليل.","creator":"Alexander Shutau","developers":null,"translators":null,"contributors":null,"locales":["ar"]},{"name":"Dark Reader","description":"සෑම වෙබ් අඩවියක් සදහාම Dark mode. ඔබේ ඇස් සුරකින්න, රාත්‍රී සහ දිනපතා වෙබ් අඩවි ගවේෂණය කිරීමේදී Dark mode භාවිතා කරන්න.","creator":"Alexander Shutau","developers":null,"translators":null,"contributors":null,"locales":["si"]},{"name":"Dark Reader","description":"Chế độ tối cho mọi trang web. Chăm sóc đôi mắt của bạn, sử dụng chủ đề tối cho trình duyệt ban đêm và hàng ngày.","creator":"Alexander Shutau","developers":null,"translators":null,"contributors":null,"locales":["vi"]},{"name":"Dark Reader","description":"Tema scuro per ogni sito. Prenditi cura dei tuoi occhi, usa Dark Reader per navigare giorno e notte.","creator":"Alexander Shutau","developers":null,"translators":null,"contributors":null,"locales":["it"]},{"name":"Dark Reader","description":"모든 웹사이트에 다크 모드를 적용합니다. 밤이나 일상적인 웹 브라우징을 할 때 어두운 테마를 사용하여 눈을 보호하십시오.","creator":"Alexander Shutau","developers":null,"translators":null,"contributors":null,"locales":["ko"]},{"name":"Dark Reader","description":"Mørkt tema for alle nettsteder. Ta vare på øynene, bruk Dark Reader for nettleseren, dag og kveld.","creator":"Alexander Shutau","developers":null,"translators":null,"contributors":null,"locales":["no"]},{"name":"Dark Reader","description":"हर वेबसाइट के लिए डार्क थीम। अपनी आंखों की देखभाल करें, रात और हर रोज़ की ब्राउज़िंग के लिए डार्क रीडर का उपयोग करें।","creator":"Alexander Shutau","developers":null,"translators":null,"contributors":null,"locales":["hi"]},{"name":"Dark Reader","description":"เปลี่ยนเป็นโหมดมืดให้กับทุกๆเว็บเพื่อปกป้องสายตาของคุณ ใช้ธีมสีมืดสำหรับตอนกลางคืนและการท่องเว็บในชีวิตประจำวัน","creator":"Alexander Shutau","developers":null,"translators":null,"contributors":null,"locales":["th"]},{"name":"Dark Reader","description":"Dunkles Design für jede Website. Schonen Sie Ihre Augen und verwenden Sie Dark Reader für die Nacht und das tägliche Surfen.","creator":"Alexander Shutau","developers":null,"translators":null,"contributors":null,"locales":["de"]},{"name":"Dark Reader","description":"Dark mode for every website. Take care of your eyes, use dark theme for night and daily browsing.","creator":"Alexander Shutau","developers":null,"translators":null,"contributors":null,"locales":["en-GB"]},{"name":"Dark Reader","description":"Tmavý režim pre každú stránku. Šetrite svoje oči a používajte tmavý motív po celý deň.","creator":"Alexander Shutau","developers":null,"translators":null,"contributors":null,"locales":["sk"]},{"name":"Dark Reader","description":"Tamni mod za svaki sajt. Pazite na svoje oči, koristite tamnu temu danju i noću.","creator":"Alexander Shutau","developers":null,"translators":null,"contributors":null,"locales":["sr"]},{"name":"Dark Reader","description":"حالت تاریک برای همه سایت ها. مراقب چشمانتان باشید، برای وبگردی در شب یا روز از حالت تاریک استفاده کنید.","creator":"Alexander Shutau","developers":null,"translators":null,"contributors":null,"locales":["fa"]},{"name":"Dark Reader","description":"适用于任何网站的黑暗主题。关爱眼睛，就使用 Dark Reader 进行日常浏览。","creator":"Alexander Shutau","developers":null,"translators":null,"contributors":null,"locales":["zh-CN"]},{"name":"Dark Reader","description":"Тёмная тема для каждого сайта. Берегите зрение, используйте Дарк Ридер для ночного или ежедневного просмотра веб-страниц.","creator":"Alexander Shutau","developers":null,"translators":null,"contributors":null,"locales":["ru"]},{"name":"Dark Reader","description":"Tryb ciemny dla wszystkich stron internetowych. Zadbaj o swoje oczy, używaj ciemnego motywu przeglądając w dzień i w nocy.","creator":"Alexander Shutau","developers":null,"translators":null,"contributors":null,"locales":["pl"]},{"name":"Dark Reader","description":"Цёмная Тэма для кожнага сайта. Беражыце свае вочы, карыстайцеся Дарк Рыдарам для начнога ці штодзённага прагляду вэб-старонак.","creator":"Alexander Shutau","developers":null,"translators":null,"contributors":null,"locales":["be"]},{"name":"Dark Reader","description":"Dark mode para sa lahat ng website. Alagaan ang iyong mga mata, gamitin ang dark theme para sa gabi at pang-araw-araw na browsing.","creator":"Alexander Shutau","developers":null,"translators":null,"contributors":null,"locales":["fil"]},{"name":"Dark Reader","description":"Temă întunecată pentru orice site. Ai grijă de ochii tăi, folosește Dark Reader pentru cititul noaptea și de zi cu zi.","creator":"Alexander Shutau","developers":null,"translators":null,"contributors":null,"locales":["ro"]},{"name":"Dark Reader","description":"Dark mode for every website. Take care of your eyes, use dark theme for night and daily browsing.","creator":"Alexander Shutau","developers":null,"translators":null,"contributors":null,"locales":["en-US"]},{"name":"Dark Reader","description":"Σκούρα εμφάνιση για όλες τις ιστοσελίδες. Φροντίστε τα μάτια σας κάνοντας χρήση σκούρας εμφάνισης στο καθημερινό σας σερφάρισμα.","creator":"Alexander Shutau","developers":null,"translators":null,"contributors":null,"locales":["el"]},{"name":"Dark Reader","description":"Tema oscuro para todos los sitios. Cuide sus ojos, utilice Dark Reader para navegar durante el día y la noche.","creator":"Alexander Shutau","developers":null,"translators":null,"contributors":null,"locales":["es"]},{"name":"Dark Reader","description":"Tema escuro para todos os sites. Mantenha seus olhos relaxados usando o tema escuro em sua navegação diária.","creator":"Alexander Shutau","developers":null,"translators":null,"contributors":null,"locales":["pt-BR"]},{"name":"Dark Reader","description":"מצב אפל לכל אתר. תשמור על העיניים שלך, השתמש בעיצוב כהה לגלישה בלילה או אפילו ביום.","creator":"Alexander Shutau","developers":null,"translators":null,"contributors":null,"locales":["he"]},{"name":"Dark Reader","description":"黑色主題，適用於任何網站。關愛眼睛，使用Dark Reader進行夜間和日間瀏覽。","creator":"Alexander Shutau","developers":null,"translators":null,"contributors":null,"locales":["zh-TW"]},{"name":"Dark Reader","description":"Her web sitesi için koyu mod. Gözlerinize iyi bakın, gece ve günlük gezinti için koyu renk tema kullanın.","creator":"Alexander Shutau","developers":null,"translators":null,"contributors":null,"locales":["tr"]},{"name":"Dark Reader","description":"Donkere modus voor elke website. Zorg goed voor je ogen, gebruik donkere modus voor gebruik in de nacht of zelfs overdag.","creator":"Alexander Shutau","developers":null,"translators":null,"contributors":null,"locales":["nl"]}],"targetApplications":[{"id":"toolkit@mozilla.org","minVersion":"54.0","maxVersion":null}],"targetPlatforms":[],"signedState":2,"signedDate":1647265920000,"seen":true,"dependencies":[],"incognito":"spanning","userPermissions":{"permissions":["alarms","contextMenus","storage","tabs","theme"],"origins":["<all_urls>"]},"optionalPermissions":{"permissions":[],"origins":[]},"icons":{"16":"icons/dr_16.png","48":"icons/dr_48.png","128":"icons/dr_128.png"},"iconURL":null,"blocklistState":0,"blocklistURL":null,"startupData":null,"hidden":false,"installTelemetryInfo":{"source":"amo","sourceURL":"https://addons.mozilla.org/en-US/firefox/search/?q=dark%20reader","method":"link"},"recommendationState":{"validNotAfter":1805053920000,"validNotBefore":1647265920000,"states":["recommended","recommended-android"]},"rootURI":"jar:file:///home/felipeqp/.librewolf/zzm0vllj.default_1/extensions/addon@darkreader.org.xpi!/","location":"app-profile"},{"id":"jid1-BoFifL9Vbdl2zQ@jetpack","syncGUID":"{d9505c51-f1f1-4338-bf95-1efcdc7c3471}","version":"2.0.17","type":"extension","loader":null,"updateURL":null,"installOrigins":null,"manifestVersion":2,"optionsURL":"pages/options/options.html","optionsType":5,"optionsBrowserStyle":true,"aboutURL":null,"defaultLocale":{"name":"Decentraleyes","description":"Protects you against tracking through \"free\", centralized, content delivery.","creator":"Thomas Rientjes","developers":null,"translators":null,"contributors":null},"visible":true,"active":true,"userDisabled":false,"appDisabled":false,"embedderDisabled":false,"installDate":1648515369506,"updateDate":1648515369506,"applyBackgroundUpdates":1,"path":"/home/felipeqp/.librewolf/zzm0vllj.default_1/extensions/jid1-BoFifL9Vbdl2zQ@jetpack.xpi","skinnable":false,"sourceURI":"https://addons.mozilla.org/firefox/downloads/file/3902154/decentraleyes-2.0.17-an+fx.xpi","releaseNotesURI":null,"softDisabled":false,"foreignInstall":false,"strictCompatibility":true,"locales":[{"name":"Decentraleyes","description":"Protects you against tracking through \"free\", centralized, content delivery.","creator":"Thomas Rientjes","developers":null,"translators":null,"contributors":null,"locales":["en-US"]},{"name":"Decentraleyes","description":"「無料」と称してあなたを追跡する大規模なCDNを迂回して、プライバシーを守ります。","creator":"Thomas Rientjes","developers":null,"translators":null,"contributors":null,"locales":["ja"]},{"name":"Decentraleyes","description":"Kaitseb sind \"tasuta\", tsentraliseeritud sisu edastamisest tuleneva jälitamise vastu.","creator":"Thomas Rientjes","developers":null,"translators":null,"contributors":null,"locales":["et"]},{"name":"Decentraleyes","description":"Protege contra monitorização através de entrega de conteúdo centralizado.","creator":"Thomas Rientjes","developers":null,"translators":null,"contributors":null,"locales":["pt-PT"]},{"name":"Decentraleyes","description":"Protège du pistage lié aux diffuseurs de contenus « gratuits », centralisés.","creator":"Thomas Rientjes","developers":null,"translators":null,"contributors":null,"locales":["fr"]},{"name":"Decentraleyes","description":"Para protektahan ka laban sa pagsubaybay sa pamamagitan ng \"libre\", sentralisadong, paghahatid ng nilalaman.","creator":"Thomas Rientjes","developers":null,"translators":null,"contributors":null,"locales":["tl"]},{"name":"Decentraleyes","description":"Защитава ви от следене чрез свободна, централизирана доставка на съдържание.","creator":"Thomas Rientjes","developers":null,"translators":null,"contributors":null,"locales":["bg"]},{"name":"Decentraleyes","description":"Melindungi Anda dari pelacakan distribusi konten \"gratis\" dan terpusat.","creator":"Thomas Rientjes","developers":null,"translators":null,"contributors":null,"locales":["id"]},{"name":"Decentraleyes","description":"ਖੁਦ ਨੂੰ \"ਮੁਫ਼ਤ\", ਕੇਂਦਰੀਕ੍ਰਿਤ, ਸਮੱਗਰੀ ਪਹੁੰਚ ਰਾਹੀਂ ਟਰੈਕਿੰਗ ਤੋਂ ਸੁਰੱਖਿਅਤ ਕਰੋ।","creator":"Thomas Rientjes","developers":null,"translators":null,"contributors":null,"locales":["pa"]},{"name":"Decentraleyes","description":"\"ফ্রি\", কেন্দ্রীয় কন্টেন্ট ডেলিভারি থেকে তোমাকে রক্ষা করে।","creator":"Thomas Rientjes","developers":null,"translators":null,"contributors":null,"locales":["bn"]},{"name":"Decentraleyes","description":"Skyddar dig mot att spåras av \"gratis\" centraliserad innehållsleverans.","creator":"Thomas Rientjes","developers":null,"translators":null,"contributors":null,"locales":["sv"]},{"name":"Decentraleyes","description":"Chrání před sledováním skrze centrálně doručovaný obsah.","creator":"Thomas Rientjes","developers":null,"translators":null,"contributors":null,"locales":["cs"]},{"name":"Decentraleyes","description":"Véd attól, hogy az „ingyenes”, centralizált tartalomszolgáltatók kövessenek.","creator":"Thomas Rientjes","developers":null,"translators":null,"contributors":null,"locales":["hu"]},{"name":"Decentraleyes","description":"Verndar þig gegn eftirliti frá \"ókeypis\" miðlægum efnisveitum.","creator":"Thomas Rientjes","developers":null,"translators":null,"contributors":null,"locales":["is"]},{"name":"Decentraleyes","description":"Захищає вас від стеження \"безкоштовними\", централізованими мережами розповсюдження ресурсів.","creator":"Thomas Rientjes","developers":null,"translators":null,"contributors":null,"locales":["uk"]},{"name":"Decentraleyes","description":"Decentraleyes protektas vin kontraŭ sekvado per senkostaj, centraj enhav-proviz-retoj.","creator":"Thomas Rientjes","developers":null,"translators":null,"contributors":null,"locales":["eo"]},{"name":"Decentraleyes","description":"Protects you against tracking through \"free\", centralized, content delivery.","creator":"Thomas Rientjes","developers":null,"translators":null,"contributors":null,"locales":["si"]},{"name":"Decentraleyes","description":"يحميك من التتبع المرتبط بالوصول للمحتوى \"مجاني\"، مركزية.","creator":"Thomas Rientjes","developers":null,"translators":null,"contributors":null,"locales":["ar"]},{"name":"Decentraleyes","description":"\"무료\"라는 미끼로 당신을 추적하는 대규모 CDN을 사용하지 않음으로써 프라이버시를 지킵니다.","creator":"Thomas Rientjes","developers":null,"translators":null,"contributors":null,"locales":["ko"]},{"name":"Decentraleyes","description":"Ju mbron ju ndaj gjurmimet nëpërmjet dërguesve të përmbajtjeve \"Falas\" të çentralizuara.","creator":"Thomas Rientjes","developers":null,"translators":null,"contributors":null,"locales":["sq"]},{"name":"Decentraleyes","description":"Protegge dal tracciamento tramite CDN centralizzato \"gratis\".","creator":"Thomas Rientjes","developers":null,"translators":null,"contributors":null,"locales":["it"]},{"name":"Decentraleyes","description":"Bảo vệ bạn khỏi bị theo dõi thông qua việc phân phối nội dung \"miễn phí\", tập trung.","creator":"Thomas Rientjes","developers":null,"translators":null,"contributors":null,"locales":["vi"]},{"name":"Decentraleyes","description":"Schützt vor Tracking durch \"gratis\", zentralisiertes Abliefern von Content.","creator":"Thomas Rientjes","developers":null,"translators":null,"contributors":null,"locales":["de"]},{"name":"Decentraleyes","description":"Protects you against tracking through \"free\", centralised, content delivery.","creator":"Thomas Rientjes","developers":null,"translators":null,"contributors":null,"locales":["en-GB"]},{"name":"Decentraleyes","description":"Beskytter mot sporing gjort av \"gratis\" sentralisert innholdslevering.","creator":"Thomas Rientjes","developers":null,"translators":null,"contributors":null,"locales":["nb"]},{"name":"Decentraleyes","description":"Us protegeix contra el seguiment mitjançant un lliurament de contingut \"gratuït\" i centralitzat.","creator":"Thomas Rientjes","developers":null,"translators":null,"contributors":null,"locales":["ca"]},{"name":"Decentraleyes","description":"Штити вас од праћења преко „бесплатних“, централизованих достава садржаја.","creator":"Thomas Rientjes","developers":null,"translators":null,"contributors":null,"locales":["sr"]},{"name":"Decentraleyes","description":"保护您免受集中式的内容交付网络（CDN）的跟踪。","creator":"Thomas Rientjes","developers":null,"translators":null,"contributors":null,"locales":["zh-CN"]},{"name":"Decentraleyes","description":"Защищает Вас от отслеживания через «бесплатные», централизованные CDN.","creator":"Thomas Rientjes","developers":null,"translators":null,"contributors":null,"locales":["ru"]},{"name":"Decentraleyes","description":"Chroni przed śledzeniem przez ośrodki CDN.","creator":"Thomas Rientjes","developers":null,"translators":null,"contributors":null,"locales":["pl"]},{"name":"Decentraleyes","description":"Štiti Vas od praćenja kroz \"besplatnu\", centraliziranu dostavu sadržaja.","creator":"Thomas Rientjes","developers":null,"translators":null,"contributors":null,"locales":["hr"]},{"name":"Decentraleyes","description":"Suojaa sinua \"ilmaisen\", keskitetyn sisällön jakelun välityksellä tapahtuvalta seurannalta.","creator":"Thomas Rientjes","developers":null,"translators":null,"contributors":null,"locales":["fi"]},{"name":"Decentraleyes","description":"Protejează împotriva urmăririi prin livrare de conținut gratuit, centralizat.","creator":"Thomas Rientjes","developers":null,"translators":null,"contributors":null,"locales":["ro"]},{"name":"Decentraleyes","description":"Schützt virun Tracking duerch \"gratis\" Content Delivery Networks.","creator":"Thomas Rientjes","developers":null,"translators":null,"contributors":null,"locales":["lb"]},{"name":"Decentraleyes","description":"Προστατεύει από παρακολούθηση μέσω \"δωρεάν\" διανομής περιεχόμενου.","creator":"Thomas Rientjes","developers":null,"translators":null,"contributors":null,"locales":["el"]},{"name":"Decentraleyes","description":"Protege contra el rastreo con la entrega centralizada y «gratuita» de contenido.","creator":"Thomas Rientjes","developers":null,"translators":null,"contributors":null,"locales":["es"]},{"name":"Decentraleyes","description":"Lhe protege de rastreamento feito usando centrais de disponibilização de conteúdo \"gratuitas\".","creator":"Thomas Rientjes","developers":null,"translators":null,"contributors":null,"locales":["pt-BR"]},{"name":"Decentraleyes","description":"保護您不受「免費」、中心化的內容傳遞網路（CDN）的追蹤。","creator":"Thomas Rientjes","developers":null,"translators":null,"contributors":null,"locales":["zh-TW"]},{"name":"Decentraleyes","description":"מגן עליך מפני מעקב המבוצע דרך רשתות אספקת תוכן ריכוזיות ו\"חינמיות\".","creator":"Thomas Rientjes","developers":null,"translators":null,"contributors":null,"locales":["he"]},{"name":"Decentraleyes","description":"Beskytter dig imod sporing af \"gratis\", centraliserede indholdsleverandører.","creator":"Thomas Rientjes","developers":null,"translators":null,"contributors":null,"locales":["da"]},{"name":"Decentraleyes","description":"Sizi içerik dağıtımıyla yapılan merkezi ve \"ücretsiz\" takipten korur.","creator":"Thomas Rientjes","developers":null,"translators":null,"contributors":null,"locales":["tr"]},{"name":"Decentraleyes","description":"Beschermt tegen tracking via het \"gratis\", gecentraliseerd, verzorgen van content.","creator":"Thomas Rientjes","developers":null,"translators":null,"contributors":null,"locales":["nl"]}],"targetApplications":[{"id":"toolkit@mozilla.org","minVersion":"56.0a1","maxVersion":null}],"targetPlatforms":[],"signedState":2,"signedDate":1643661936000,"seen":true,"dependencies":[],"incognito":"spanning","userPermissions":{"permissions":["privacy","storage","unlimitedStorage","tabs","webNavigation","webRequest","webRequestBlocking"],"origins":["*://*/*"]},"optionalPermissions":{"permissions":[],"origins":[]},"icons":{"16":"icons/icon16.png","48":"icons/icon48.png","96":"icons/icon96.png","128":"icons/icon128.png"},"iconURL":null,"blocklistState":0,"blocklistURL":null,"startupData":null,"hidden":false,"installTelemetryInfo":{"source":"amo","sourceURL":"https://addons.mozilla.org/en-US/firefox/search/?q=descentralized","method":"link"},"recommendationState":{"validNotAfter":1801449935000,"validNotBefore":1643661935000,"states":["recommended","recommended-android"]},"rootURI":"jar:file:///home/felipeqp/.librewolf/zzm0vllj.default_1/extensions/jid1-BoFifL9Vbdl2zQ@jetpack.xpi!/","location":"app-profile"}]}